"id","person_id","contact_type","contact_value","is_primary","is_verified","notes","created_at","updated_at","deleted_at","deleted_reason","created_by_user_id"
"001bd558-7101-4022-9403-d80ffce1f83d","03f0b9e8-44d5-487a-9e3a-4d68f4bbd144","email","e2e_invite_1768017465968_a8wbdn@teste.com","true","false",,"2026-01-10 03:57:46.620519+00","2026-01-10 03:57:46.620519+00",,,
"02168310-0334-41eb-ad18-73ebf5922e9c","37705305-577b-4d40-a086-900ab957d564","email","remove.1767940581711@example.com","true","false",,"2026-01-09 06:36:22.103136+00","2026-01-09 06:36:22.103136+00",,,
"072d0d2d-77c2-416b-9260-57fb882e7ee1","b2be2a43-e181-44fb-9c83-5a7a3ebb9074","email","e2e_invite_1768016189616_0bo6ul@teste.com","true","false",,"2026-01-10 03:36:30.240244+00","2026-01-10 03:36:30.240244+00",,,
"09063ea6-198a-4891-ab19-bb2b622418bb","62ff2f07-17b1-469c-8a87-eca10e716bbc","email","test.modal.1767749752@test.com","true","false",,"2026-01-07 01:35:54.263035+00","2026-01-07 02:15:07.68678+00","2026-01-07 02:15:07.68678+00","reset_to_production",
"0bc04079-8a16-4f1a-9926-05b37478780a","0708c058-8718-4497-990d-b8180f412315","email","verify.1767959495329@example.com","true","false",,"2026-01-09 11:51:36.99289+00","2026-01-09 11:51:36.99289+00",,,
"0c53ffb3-ccfc-47e1-a1f3-cafdf2d30eeb","260a39e9-6a19-40b8-90ef-1397226fcc6e","email","testes.handebol@gmail.com","true","false",,"2026-01-09 02:11:45.450349+00","2026-01-09 02:11:45.450349+00",,,
"0f2a35af-9c0f-4ff9-981b-ef1304b774aa","971ab15c-19aa-455a-9a85-21381e8aa66b","email","e2e.test.1767939462610@example.com","true","false",,"2026-01-09 06:17:42.808002+00","2026-01-09 06:17:42.808002+00",,,
"1371ce38-4336-42a6-a110-6a1aef02bbb8","f855ab71-7e9e-4f4d-a14a-71fbcf487fa6","email","davi.sermenho@gmail.com","true","false",,"2026-01-02 06:42:33.403333+00","2026-01-07 02:15:07.68678+00","2026-01-07 02:15:07.68678+00","reset_to_production",
"1bb2b0c6-1944-4bfe-94e9-c01b909e7725","570a6ddc-4876-410d-93fc-e98adb55ceca","email","e2e_invite_1768016445335_z6l8w@teste.com","true","false",,"2026-01-10 03:40:45.997114+00","2026-01-10 03:40:45.997114+00",,,
"1bceb3f9-93ce-45f8-ba9a-67b4c5cf4f4e","c7cb82a9-0005-4cbf-b87a-4725e84a0723","telefone","+5511999507478","true","false",,"2026-01-04 06:18:03.072453+00","2026-01-07 02:15:07.68678+00","2026-01-07 02:15:07.68678+00","reset_to_production",
"1bf7cee0-0f05-44f3-9b68-a08f07be80f6","478fb7bb-511e-4761-8afc-3aa2b8d48d03","email","e2e_invite_1768017873698_f8hq2v@teste.com","true","false",,"2026-01-10 04:04:34.30852+00","2026-01-10 04:04:34.30852+00",,,
"1f7b9eb4-693f-48e0-8547-85e3e4641dea","9e223926-894b-4483-9a9a-a607bd7190ae","email","e2e_invite_1768017848005_1mgcxm@teste.com","true","false",,"2026-01-10 04:04:08.643457+00","2026-01-10 04:04:08.643457+00",,,
"21fe2682-b052-4006-9cfb-be985c6f6103","dbe35514-4e2d-4417-bdfc-afc3cd7c0633","email","e2e_invite_1768016496849_9gv6ug@teste.com","true","false",,"2026-01-10 03:41:37.48914+00","2026-01-10 03:41:37.48914+00",,,
"24958d9d-b891-411d-9dcc-bcbd050851c3","1be10c4f-8f4d-4d65-ac51-48bde2d706e7","email","stats.test.1767934966591@example.com","true","false",,"2026-01-09 05:02:46.688819+00","2026-01-09 05:02:46.688819+00",,,
"2a774fca-6f76-4538-92b0-ad865e17e027","82be2118-98bb-4a92-8438-d5db20740e8d","email","pendente.teste.221436@hbtrack.com","true","false",,"2026-01-07 01:14:37.842497+00","2026-01-07 02:15:07.68678+00","2026-01-07 02:15:07.68678+00","reset_to_production",
"31853ad2-703a-40cb-90d6-80d05c5ddfb2","180dda20-bfe1-4371-81d6-61a81e8529c9","email","e2e_invite_1768015840886_5uchgo@teste.com","true","false",,"2026-01-10 03:30:41.619188+00","2026-01-10 03:30:41.619188+00",,,
"33599a80-1ae2-450d-a875-230109250510","51d85a1f-ad65-468f-9eac-b7683ab55d49","telefone","(21) 98888-7777","true","false",,"2025-12-31 00:00:03.275994+00","2026-01-07 02:15:07.68678+00","2026-01-07 02:15:07.68678+00","reset_to_production",
"379a0813-3eca-4e20-9014-f38ea92f532c","596f126b-d3ca-40df-ba7b-e36ae9d04177","email","e2e_invite_1768017113035_gmztc@teste.com","true","false",,"2026-01-10 03:51:54.563339+00","2026-01-10 03:51:54.563339+00",,,
"39488f8d-8037-4a71-87f7-4dbb076c272c","15908242-2763-496c-9b00-96329feaa37f","email","e2e_invite_1768015865689_ew1aie@teste.com","true","false",,"2026-01-10 03:31:06.28284+00","2026-01-10 03:31:06.28284+00",,,
"3ebb0af9-97ab-4d26-b7c3-51fdaac84446","d8c9025b-6bc2-4f08-b336-f422861c8065","email","stats.test.1767938398834@example.com","true","false",,"2026-01-09 05:59:59.062832+00","2026-01-09 05:59:59.062832+00",,,
"3f659d90-5638-422f-9693-28979067d7cd","3f45a8f3-0d2b-4f4f-972e-349555bef014","telefone","","true","false",,"2025-12-31 00:12:42.594158+00","2026-01-07 02:15:07.68678+00","2026-01-07 02:15:07.68678+00","reset_to_production",
"40d80fd4-ba08-4272-b66f-a7ad50617e49","86157168-3a73-4ba3-b107-d460eeb7fc99","email","e2e_invite_1768017087420_bdvg2q@teste.com","true","false",,"2026-01-10 03:51:28.392576+00","2026-01-10 03:51:28.392576+00",,,
"46e1b5f1-ec28-413e-b5d0-3eba80462181","1c31c8fc-4164-46b2-961a-5ca077cba356","email","smoke_23b38ecf@teste.com","true","false",,"2026-01-01 13:07:44.650215+00","2026-01-07 02:15:07.68678+00","2026-01-07 02:15:07.68678+00","reset_to_production",
"4a831c09-2b7e-4525-9838-99f157d1fde9","34e4e624-0299-41cd-b577-3f8a5b4b2487","email","e2e_invite_1768017077878_qym6nl@teste.com","true","false",,"2026-01-10 03:51:18.499939+00","2026-01-10 03:51:18.499939+00",,,
"4b662368-687c-4bf9-a314-eeac28350348","ff5d4d78-ff71-48b5-b2f8-100c2340bfce","email","e2e_invite_1768016135348_incbfk@teste.com","true","false",,"2026-01-10 03:35:35.953555+00","2026-01-10 03:35:35.953555+00",,,
"4d0bf96b-d80a-48c9-9dd0-9c9ead84a662","ff5e7fc7-415a-4b00-9cca-1cf767c16735","email","pendente.teste.221241@hbtrack.com","true","false",,"2026-01-07 01:12:48.116735+00","2026-01-07 02:15:07.68678+00","2026-01-07 02:15:07.68678+00","reset_to_production",
"4ea4bed2-9d41-450a-8afa-c706abc36872","ccaa1662-fbb8-4d38-b86c-c4081d8e9639","email","verify.1767939477426@example.com","true","false",,"2026-01-09 06:17:57.647614+00","2026-01-09 06:17:57.647614+00",,,
"501d5f55-1868-4a18-89f9-5d62e30d0e20","3a53737c-ccaa-4506-aa8e-f0aeddd2eb49","email","pendente.teste.221639@hbtrack.com","true","false",,"2026-01-07 01:16:41.218618+00","2026-01-07 02:15:07.68678+00","2026-01-07 02:15:07.68678+00","reset_to_production",
"529e7cef-c88a-42cb-a0e8-8d7399b818b9","36fd9875-9b89-4340-9ad8-138f4d7f348a","email","atleta@teste.com","true","false",,"2026-01-01 13:01:28.044854+00","2026-01-07 02:15:07.68678+00","2026-01-07 02:15:07.68678+00","reset_to_production",
"55a1e50c-5a78-474b-9c1e-5346b1425936","38037643-3c87-4a27-b426-0c46b8f08249","email","treinador1767507509@teste.com","true","false",,"2026-01-04 06:18:32.680968+00","2026-01-07 02:15:07.68678+00","2026-01-07 02:15:07.68678+00","reset_to_production",
"59ce66fd-b61d-4f51-8d6b-1e052636945c","d85d3941-8b87-46ce-8945-ac18f5766879","telefone","(11) 99999-8888","true","false",,"2025-12-30 23:58:14.642443+00","2026-01-07 02:15:07.68678+00","2026-01-07 02:15:07.68678+00","reset_to_production",
"5d64d489-0932-4dc1-abc1-99a9e3336b0a","fa6247e8-278b-4a7c-8a84-38a833385bc5","telefone","11988887799","true","false",,"2025-12-31 00:07:39.541193+00","2026-01-07 02:15:07.68678+00","2026-01-07 02:15:07.68678+00","reset_to_production",
"607bd45d-1114-4315-b2ea-f1152169cd01","85a640d0-1fc8-489a-9e7e-01cfc5b0d46d","email","coordenador@teste.com","true","false",,"2026-01-01 13:01:17.944426+00","2026-01-07 02:15:07.68678+00","2026-01-07 02:15:07.68678+00","reset_to_production",
"638a95da-d010-4897-a423-ff814e538cb4","7aad62ac-3426-40bc-931b-8a9d18dbedbc","email","e2e_invite_1768017190647_wav98f@teste.com","true","false",,"2026-01-10 03:53:11.30254+00","2026-01-10 03:53:11.30254+00",,,
"6679ec5d-253f-46e0-b7b2-9512d3804952","2842fc0d-0cd7-4020-a9e8-fc1806ff47e9","email","remove.1767939494943@example.com","true","false",,"2026-01-09 06:18:15.131671+00","2026-01-09 06:18:15.131671+00",,,
"66a06fcc-19c3-4072-92a0-7d7fd206c730","0983033e-3b74-49aa-8ac8-e9e62fb373a8","email","handtv.rj@gmail.cm","true","false",,"2026-01-06 16:18:15.2787+00","2026-01-07 02:15:07.68678+00","2026-01-07 02:15:07.68678+00","reset_to_production",
"6921bd15-61c9-4a8e-a6de-df3db770c2b0","d637714b-33ae-4ab6-9fba-d72dc19dc848","email","e2e_invite_1768015943349_r6zqba@teste.com","true","false",,"2026-01-10 03:32:23.965062+00","2026-01-10 03:32:23.965062+00",,,
"73c156da-3845-4824-ba72-025a82ddda99","f6110fc0-786f-459f-9691-e82194a49d81","email","e2e_invite_1768017132431_zlaxg5@teste.com","true","false",,"2026-01-10 03:52:13.052243+00","2026-01-10 03:52:13.052243+00",,,
"795bfbf1-bb33-4458-a4b7-98eea9630cb3","b28b5a66-6baa-48b8-a42e-863c143f4e1e","email","testeb958c9d0@example.com","true","false",,"2026-01-03 04:47:59.878947+00","2026-01-07 02:15:07.68678+00","2026-01-07 02:15:07.68678+00","reset_to_production",
"7ee47e07-b928-4f72-9789-6a8e93b1a8ed","43d62b83-8e9f-4f25-b2c2-b893310878fd","email","e2e_invite_1768016083253_rituwh@teste.com","true","false",,"2026-01-10 03:34:45.419413+00","2026-01-10 03:34:45.419413+00",,,
"8a5852b3-91cc-4542-9cb8-4e6fc307fe66","350ca82b-e12c-484f-950f-56ef4cc8c7bc","email","e2e_invite_1768016350302_morw1m@teste.com","true","false",,"2026-01-10 03:39:11.033844+00","2026-01-10 03:39:11.033844+00",,,
"8e5988ff-253f-4faf-b12a-ef1a71956326","8b8a728e-353b-490f-a886-3eed0fee1d80","email","e2e_invite_1768017420390_nhvgzs@teste.com","true","false",,"2026-01-10 03:57:00.976621+00","2026-01-10 03:57:00.976621+00",,,
"96b329b0-fa4b-4b45-8817-a3f4b5d186ad","466ba73c-f69b-4eb3-98db-4893ad5dd025","email","e2e.test.1767959472469@example.com","true","false",,"2026-01-09 11:51:14.091333+00","2026-01-09 11:51:14.091333+00",,,
"a1c8c1c3-37ac-4a52-9cf8-6423a72f5b86","38037643-3c87-4a27-b426-0c46b8f08249","telefone","+5511999507509","true","false",,"2026-01-04 06:18:32.680968+00","2026-01-07 02:15:07.68678+00","2026-01-07 02:15:07.68678+00","reset_to_production",
"a260f5c2-f5ac-432e-a4cf-db60381b49a6","025420e0-5e9c-41ba-bf95-d39843d7996a","email","e2e_invite_1768016454718_c367en@teste.com","true","false",,"2026-01-10 03:40:55.26465+00","2026-01-10 03:40:55.26465+00",,,
"a5ef22ed-fb61-4385-9921-754528ca9a72","095b7865-6d42-4f7a-8845-15b533b16aa2","email","smoke_0db00c94@teste.com","true","false",,"2026-01-01 13:04:07.057672+00","2026-01-07 02:15:07.68678+00","2026-01-07 02:15:07.68678+00","reset_to_production",
"a650c920-a4c3-4ba5-ae08-1a65768aba9b","9198821c-37e3-48ca-a552-5b0cdaf5b411","email","hand.tv.rj@gmail.com","true","false",,"2026-01-06 14:15:39.13126+00","2026-01-07 02:15:07.68678+00","2026-01-07 02:15:07.68678+00","reset_to_production",
"a85182ff-48d6-4d27-b04d-700adb57baf1","ce499217-5ae9-45e1-a133-d5c662ba1c7c","email","treinador@teste.com","true","false",,"2026-01-01 13:01:23.120447+00","2026-01-07 02:15:07.68678+00","2026-01-07 02:15:07.68678+00","reset_to_production",
"a90f55fa-379f-47bc-b80a-775ded87978f","c7cb82a9-0005-4cbf-b87a-4725e84a0723","email","dirigente1767507478@teste.com","true","false",,"2026-01-04 06:18:03.072453+00","2026-01-07 02:15:07.68678+00","2026-01-07 02:15:07.68678+00","reset_to_production",
"aaa0a6d5-0511-4464-acdd-a94f9edf1d4d","a20baaa7-e4f5-4278-a8b5-b29f6b34a558","email","dirigente@teste.com","true","false",,"2026-01-01 13:01:12.993082+00","2026-01-07 02:15:07.68678+00","2026-01-07 02:15:07.68678+00","reset_to_production",
"abebb4d6-ef47-4f50-a9e8-710c6575d7ff","d08b5dcb-1e26-4f7e-96c0-4920a1ba191c","email","handebolcesc@gmail.com","true","false",,"2026-01-07 00:00:31.208428+00","2026-01-07 02:15:07.68678+00","2026-01-07 02:15:07.68678+00","reset_to_production",
"ac61392d-9c6e-422e-859c-dc108cd637d6","65d3e93a-8e0c-434b-8b2e-62c05811bb4a","email","pendente.teste.221120@hbtrack.com","true","false",,"2026-01-07 01:11:22.184832+00","2026-01-07 02:15:07.68678+00","2026-01-07 02:15:07.68678+00","reset_to_production",
"ad62c482-2af8-4ca7-9887-478d5713dd94","a4612db8-11f1-43a7-89fa-ca2f03517a74","email","verify.1767940567491@example.com","true","false",,"2026-01-09 06:36:07.732426+00","2026-01-09 06:36:07.732426+00",,,
"b01ec87c-0c09-4db2-b80f-a976eca9a2c1","135165fa-5b5a-4cc9-aea7-dd220d4028f2","email","e2e_invite_1768017307362_do04f8@teste.com","true","false",,"2026-01-10 03:55:08.040858+00","2026-01-10 03:55:08.040858+00",,,
"b38cc636-b3fb-4170-bb24-b448c2bb2975","03b96998-8258-4b83-9d6e-97df39681013","email","e2e_invite_1768016886903_rwhbkvn@teste.com","true","false",,"2026-01-10 03:48:07.482113+00","2026-01-10 03:48:07.482113+00",,,
"b683edc1-2f4a-4dca-b84d-defb9e43a85d","c4baca61-a186-4c84-8162-f6b484425153","email","e2e_invite_1768017837314_w8qgpk@teste.com","true","false",,"2026-01-10 04:03:58.060886+00","2026-01-10 04:03:58.060886+00",,,
"ba38e972-67a4-4c68-abef-7dd6e1db29e0","2a64bf68-85dd-431d-8bc9-7ee53ab45073","email","stpgrcie@gmail.com","true","false",,"2026-01-06 14:42:10.0663+00","2026-01-07 02:15:07.68678+00","2026-01-07 02:15:07.68678+00","reset_to_production",
"ba49231e-530f-4d92-b64c-639772acd799","7a747007-bbc3-4e9c-9eda-f71746b69fa0","email","e2e_invite_1768016556692_jrzi52@teste.com","true","false",,"2026-01-10 03:42:37.264536+00","2026-01-10 03:42:37.264536+00",,,
"bea4d3a7-ff5b-4bec-9f16-cea9f2cac93d","0bf72e53-75a7-4445-8dd4-5b37ede589eb","email","tasfa@gmail.com","true","false",,"2026-01-07 01:44:38.46025+00","2026-01-07 02:15:07.68678+00","2026-01-07 02:15:07.68678+00","reset_to_production",
"c036ef1c-a590-402c-9b2a-c3078bd297fc","06d67096-0120-41c2-93f9-deca93cd3f79","email","pendente.teste.222359@hbtrack.com","true","false",,"2026-01-07 01:24:01.102409+00","2026-01-07 02:15:07.68678+00","2026-01-07 02:15:07.68678+00","reset_to_production",
"c1c69ec4-37d8-4313-b8c9-7e45a2c9957d","670fb61a-ff9e-480d-bb8a-d6cd53ee9c98","email","e2e_invite_1768016242312_h96xdt@teste.com","true","false",,"2026-01-10 03:37:23.084733+00","2026-01-10 03:37:23.084733+00",,,
"c4e4f479-eee0-4ea8-93d8-6b33037fd5b2","0cf00f21-3904-4717-bc06-828bdadadd70","email","e2e_invite_1768017017109_fj41d8@teste.com","true","false",,"2026-01-10 03:50:17.727666+00","2026-01-10 03:50:17.727666+00",,,
"cc3bbbbf-8543-435a-8ea8-96a906c2806f","051f253b-6cc0-4cda-b89e-a7571ab6114b","email","smoke_2a47d478@teste.com","true","false",,"2026-01-01 13:00:11.356005+00","2026-01-07 02:15:07.68678+00","2026-01-07 02:15:07.68678+00","reset_to_production",
"d52c83d1-4c08-4b83-bdb5-c1ee6d56549d","1b097c69-bf3e-4e6b-b76c-a700f7a02d85","email","e2e_invite_1768015830490_44h2ui@teste.com","true","false",,"2026-01-10 03:30:32.075682+00","2026-01-10 03:30:32.075682+00",,,
"d5c3f41e-0761-4107-a902-5f6c0c73ecd9","0b2072ba-3f44-4f9c-a261-36e01d17338e","email","e2e_invite_1768016780837_k0c0k@teste.com","true","false",,"2026-01-10 03:46:21.531454+00","2026-01-10 03:46:21.531454+00",,,
"df3d7b8a-9ef0-4d82-9bb4-69e45d36d175","a4f62bf8-1d42-4471-8058-684578ca5705","email","e2e_invite_1768015883998_ahq4gp@teste.com","true","false",,"2026-01-10 03:31:24.650884+00","2026-01-10 03:31:24.650884+00",,,
"e045f870-1260-4e8e-862c-a7e53698d39e","46926909-a498-4f3c-8831-a80d8ec008ed","email","stats.test.1767935026750@example.com","true","false",,"2026-01-09 05:03:46.815725+00","2026-01-09 05:03:46.815725+00",,,
"e1a48477-8141-4ba2-8d9d-05345fafe337","dcb3a55b-2664-4eae-81b8-244d20b255ae","email","e2e_invite_1768017955101_wdg88v@teste.com","true","false",,"2026-01-10 04:05:55.976771+00","2026-01-10 04:05:55.976771+00",,,
"e4fad1ad-1808-41ea-bb1b-370dceb94492","b366c7ea-2144-4f6a-aa6f-7c6de7bdf19f","email","e2e.test.1767940553081@example.com","true","false",,"2026-01-09 06:35:53.299826+00","2026-01-09 06:35:53.299826+00",,,
"e8371bbd-7a6f-4f2a-b453-e412fb46a02f","b70249e7-4809-4ad9-878f-244885423227","email","testeb958c9d0@example.com","true","false",,"2026-01-03 04:48:02.87509+00","2026-01-07 02:15:07.68678+00","2026-01-07 02:15:07.68678+00","reset_to_production",
"ed214e88-66a5-48df-96dd-15a21ba70002","e2dac930-12d2-4d6a-89f8-ac83f2127f92","email","e2e_invite_1768016834103_a2esyh@teste.com","true","false",,"2026-01-10 03:47:14.795989+00","2026-01-10 03:47:14.795989+00",,,
"eda75a88-62c6-4167-a7dd-81fab9b66527","36acc970-c6f5-4d18-bb2d-cde0a7ff4026","telefone","(31) 97777-6666","true","false",,"2025-12-31 00:00:18.687971+00","2026-01-07 02:15:07.68678+00","2026-01-07 02:15:07.68678+00","reset_to_production",
"ef66d10a-fcfc-4906-b731-04e061ab470e","078bfce7-596a-4eed-bddb-9553363f47d6","telefone","+5511999507493","true","false",,"2026-01-04 06:18:17.33803+00","2026-01-07 02:15:07.68678+00","2026-01-07 02:15:07.68678+00","reset_to_production",
"f1f024df-52d4-4a20-a935-5dcb8cea5c79","0259afd5-6bf4-41b0-b7ba-aafc3031836e","email","e2e_invite_1768016478947_wx0aq@teste.com","true","false",,"2026-01-10 03:41:19.549131+00","2026-01-10 03:41:19.549131+00",,,
"f4f19fae-2ebf-4497-92d8-469f910e55aa","078bfce7-596a-4eed-bddb-9553363f47d6","email","coordenador1767507493@teste.com","true","false",,"2026-01-04 06:18:17.33803+00","2026-01-07 02:15:07.68678+00","2026-01-07 02:15:07.68678+00","reset_to_production",
"f55cbd3e-022c-4a15-9b42-0d9e8684e9e9","15a9d588-eee7-4897-ac7f-c7a869b9d71f","email","stats.test.1767938459983@example.com","true","false",,"2026-01-09 06:01:00.222547+00","2026-01-09 06:01:00.222547+00",,,
"f8eb0b5e-7a34-48d4-99a9-a7f636ccc4c7","921fe447-5730-47bb-b071-c518b1d75ad0","email","e2e_invite_1768017363790_ym9rh@teste.com","true","false",,"2026-01-10 03:56:04.477274+00","2026-01-10 03:56:04.477274+00",,,
"fa35dea7-2510-48be-8908-d7a7316065ec","7788b0c9-d517-4319-89a7-e0c2fe6b6789","email","remove.1767959517173@example.com","true","false",,"2026-01-09 11:52:00.37614+00","2026-01-09 11:52:00.37614+00",,,
"fc1ce0f1-1b8d-4851-9eac-59f486ad1d17","98a1c4d5-c1ce-455e-9d0b-d4a26723c7d1","email","teste_1d515894@example.com","true","false",,"2026-01-03 04:47:52.383106+00","2026-01-07 02:15:07.68678+00","2026-01-07 02:15:07.68678+00","reset_to_production",
"fc33c647-ad8b-46a9-9b2e-0159ba79e42c","18cf9d02-1368-4fb6-aced-b30c15db35e5","email","teste_1f54b215@example.com","true","false",,"2026-01-03 04:47:47.574951+00","2026-01-07 02:15:07.68678+00","2026-01-07 02:15:07.68678+00","reset_to_production",
"fe12ebc8-59f9-45d4-af90-38592a2bb5e6","41e598d5-0a08-4028-ba9a-4b639a0eb864","email","e2e_invite_1768017892377_14ivh@teste.com","true","false",,"2026-01-10 04:04:54.163792+00","2026-01-10 04:04:54.163792+00",,,
"ffe94584-801a-4069-b9bb-86e0b123adbe","1cf20985-b246-4de5-903e-f10c2fd37402","email","pendente.teste.221535@hbtrack.com","true","false",,"2026-01-07 01:15:42.795482+00","2026-01-07 02:15:07.68678+00","2026-01-07 02:15:07.68678+00","reset_to_production",